{"_type":"export","__export_format":4,"__export_date":"2020-07-20T10:40:57.492Z","__export_source":"insomnia.desktop.app:v2020.3.3","resources":[{"_id":"req_3b3c5f2b2b7941eea98d53e6a9c212c8","authentication":{},"body":{},"created":1570110033244,"description":"","headers":[{"id":"pair_c1c1e461bf7345c09d1c6151a4873724","name":"apikey","value":"{{ apikey_client }}"}],"isPrivate":false,"metaSortKey":-1570045312662,"method":"GET","modified":1570110033244,"name":"Login Token","parameters":[],"parentId":"fld_d2abfc2c15ff4378adfa06b898064c9d","settingDisableRenderRequestBody":false,"settingEncodeUrl":true,"settingFollowRedirects":"global","settingRebuildPath":true,"settingSendCookies":true,"settingStoreCookies":true,"url":"{{base_url_auth}}/login_token","_type":"request"},{"_id":"fld_d2abfc2c15ff4378adfa06b898064c9d","created":1570110033233,"description":"","environment":{},"environmentPropertyOrder":null,"metaSortKey":-1570089136873,"modified":1570110033233,"name":"Auth","parentId":"wrk_66bb3f44eba44c73bc00da315b644083","_type":"request_group"},{"_id":"wrk_66bb3f44eba44c73bc00da315b644083","created":1570110033141,"description":"Onboarding Development\n======================\n\nWorkspace for daily use by alice's technical team.","modified":1570110043725,"name":"Demo ALiCE Onboarding","parentId":null,"scope":null,"_type":"workspace"},{"_id":"req_a4f8d85bd6144fca881dbc7888c3ce6c","authentication":{"token":"{% response 'body', 'req_3b3c5f2b2b7941eea98d53e6a9c212c8', 'b64::JC50b2tlbg==::46b', 'always' %}","type":"bearer"},"body":{},"created":1570110033243,"description":"","headers":[],"isPrivate":false,"metaSortKey":-1570000755102,"method":"GET","modified":1570523934251,"name":"Backend Token","parameters":[],"parentId":"fld_d2abfc2c15ff4378adfa06b898064c9d","settingDisableRenderRequestBody":false,"settingEncodeUrl":true,"settingFollowRedirects":"global","settingRebuildPath":true,"settingSendCookies":true,"settingStoreCookies":true,"url":"{{base_url_auth}}/backend_token/onboarding","_type":"request"},{"_id":"req_5a30d238f2014925842594bb5cf3c18d","authentication":{"token":"{% response 'body', 'req_3b3c5f2b2b7941eea98d53e6a9c212c8', 'b64::JC50b2tlbg==::46b', 'always' %}","type":"bearer"},"body":{},"created":1570110033245,"description":"","headers":[],"isPrivate":false,"metaSortKey":-1569982090731.75,"method":"GET","modified":1570529064764,"name":"Backend Token with User","parameters":[],"parentId":"fld_d2abfc2c15ff4378adfa06b898064c9d","settingDisableRenderRequestBody":false,"settingEncodeUrl":true,"settingFollowRedirects":"global","settingRebuildPath":true,"settingSendCookies":true,"settingStoreCookies":true,"url":"{{base_url_auth}}/backend_token/onboarding/{% response 'body', 'req_9bcaaa980d124d2185b68e4b5f6048b4', 'b64::JC51c2VyX2lk::46b', 'never' %}","_type":"request"},{"_id":"req_1e68dcf023344333971e466fcbaa88c1","authentication":{"token":"{% response 'body', 'req_3b3c5f2b2b7941eea98d53e6a9c212c8', 'b64::JC50b2tlbg==::46b', 'no-history' %}","type":"bearer"},"body":{},"created":1570110033247,"description":"","headers":[],"isPrivate":false,"metaSortKey":-1569972758546.625,"method":"GET","modified":1570523955657,"name":"User Token","parameters":[],"parentId":"fld_d2abfc2c15ff4378adfa06b898064c9d","settingDisableRenderRequestBody":false,"settingEncodeUrl":true,"settingFollowRedirects":"global","settingRebuildPath":true,"settingSendCookies":true,"settingStoreCookies":true,"url":"{{base_url_auth}}/user_token/onboarding/{% response 'body', 'req_9bcaaa980d124d2185b68e4b5f6048b4', 'b64::JC51c2VyX2lk::46b', 'never' %}","_type":"request"},{"_id":"req_9bcaaa980d124d2185b68e4b5f6048b4","authentication":{"token":"{% response 'body', 'req_a4f8d85bd6144fca881dbc7888c3ce6c', 'b64::JC50b2tlbg==::46b', 'always' %}","type":"bearer"},"body":{"mimeType":"multipart/form-data","params":[{"disabled":false,"id":"pair_40ea2436104143c99340c68e6edc08af","name":"first_name","value":"Carmen"},{"disabled":false,"id":"pair_ee3187b029f24e779316b81a2b56fa7c","name":"last_name","value":"Espanola"},{"disabled":false,"id":"pair_4285e1a21a0f424fbf6d68970b951232","name":"email","value":"carmen@alicebiometrics.com"}]},"created":1570110033203,"description":"","headers":[{"id":"pair_5bfe01af9b504523b2427a517e9d5059","name":"Content-Type","value":"multipart/form-data"}],"isPrivate":false,"metaSortKey":-1558595389440,"method":"POST","modified":1595241356143,"name":"CreateUser","parameters":[],"parentId":"fld_b72346e34f1843abb0a1be7b67720ad9","settingDisableRenderRequestBody":false,"settingEncodeUrl":true,"settingFollowRedirects":"global","settingRebuildPath":true,"settingSendCookies":true,"settingStoreCookies":true,"url":"{{ base_url_onboarding }}/user","_type":"request"},{"_id":"fld_b72346e34f1843abb0a1be7b67720ad9","created":1570110033193,"description":"","environment":{},"environmentPropertyOrder":null,"metaSortKey":-1570089284889,"modified":1570600921497,"name":"Know Your Customer","parentId":"fld_191dba5b23d742dd96d285470617c87f","_type":"request_group"},{"_id":"fld_191dba5b23d742dd96d285470617c87f","created":1570110033188,"description":"","environment":{},"environmentPropertyOrder":null,"metaSortKey":-1570089136823,"modified":1570110033188,"name":"Onboarding","parentId":"wrk_66bb3f44eba44c73bc00da315b644083","_type":"request_group"},{"_id":"req_6228688342b5450d9780894cc6091dae","authentication":{"token":"{% response 'body', 'req_1e68dcf023344333971e466fcbaa88c1', 'b64::JC50b2tlbg==::46b', 'always' %}","type":"bearer"},"body":{},"created":1570110033211,"description":"","headers":[],"isPrivate":false,"metaSortKey":-1558595389390,"method":"DELETE","modified":1570529333807,"name":"DeleteUser","parameters":[],"parentId":"fld_b72346e34f1843abb0a1be7b67720ad9","settingDisableRenderRequestBody":false,"settingEncodeUrl":true,"settingFollowRedirects":"global","settingRebuildPath":true,"settingSendCookies":true,"settingStoreCookies":true,"url":"{{ base_url_onboarding }}/user","_type":"request"},{"_id":"req_75c947a1fc224df480a01b58ad89bfe0","authentication":{"token":"{% response 'body', 'req_1e68dcf023344333971e466fcbaa88c1', 'b64::JC50b2tlbg==::46b', 'always' %}","type":"bearer"},"body":{},"created":1570110033205,"description":"","headers":[],"isPrivate":false,"metaSortKey":-1558595389340,"method":"GET","modified":1570529324377,"name":"GetUserStatus","parameters":[],"parentId":"fld_b72346e34f1843abb0a1be7b67720ad9","settingDisableRenderRequestBody":false,"settingEncodeUrl":true,"settingFollowRedirects":"global","settingRebuildPath":true,"settingSendCookies":true,"settingStoreCookies":true,"url":"{{ base_url_onboarding }}/user/status","_type":"request"},{"_id":"req_63208c87b1564821ad02242b3db989bc","authentication":{"token":"{% response 'body', 'req_a4f8d85bd6144fca881dbc7888c3ce6c', 'b64::JC50b2tlbg==::46b', 'always' %}","type":"bearer"},"body":{},"created":1570110033210,"description":"","headers":[],"isPrivate":false,"metaSortKey":-1558595389290,"method":"GET","modified":1570529346624,"name":"GetUsers","parameters":[],"parentId":"fld_b72346e34f1843abb0a1be7b67720ad9","settingDisableRenderRequestBody":false,"settingEncodeUrl":true,"settingFollowRedirects":"global","settingRebuildPath":true,"settingSendCookies":true,"settingStoreCookies":true,"url":"{{ base_url_onboarding }}/users","_type":"request"},{"_id":"req_d897e3d766684e25b4c431a2be98eddf","authentication":{"token":"{% response 'body', 'req_a4f8d85bd6144fca881dbc7888c3ce6c', 'b64::JC50b2tlbg==::46b', 'always' %}","type":"bearer"},"body":{},"created":1570110033214,"description":"","headers":[],"isPrivate":false,"metaSortKey":-1558595389240,"method":"GET","modified":1570529357040,"name":"GetUsersStatus","parameters":[],"parentId":"fld_b72346e34f1843abb0a1be7b67720ad9","settingDisableRenderRequestBody":false,"settingEncodeUrl":true,"settingFollowRedirects":"global","settingRebuildPath":true,"settingSendCookies":true,"settingStoreCookies":true,"url":"{{ base_url_onboarding }}/users/status","_type":"request"},{"_id":"req_2bde67cde72a4ce2abcf459d6f9500c1","authentication":{"token":"{% response 'body', 'req_1e68dcf023344333971e466fcbaa88c1', 'b64::JC50b2tlbg==::46b', 'always' %}","type":"bearer"},"body":{"mimeType":"multipart/form-data","params":[{"fileName":"/home/mlorenzo/Imágenes/mlorenzo_head.jpg","id":"pair_544bfc632e9e4f4eb566e7165cac7432","name":"video","type":"file","value":""}]},"created":1570110033207,"description":"","headers":[{"id":"pair_3227fb6ec3c54616aa908659dd995565","name":"Content-Type","value":"multipart/form-data"}],"isPrivate":false,"metaSortKey":-1558595389215,"method":"POST","modified":1581006020403,"name":"AddSelfie","parameters":[],"parentId":"fld_b72346e34f1843abb0a1be7b67720ad9","settingDisableRenderRequestBody":false,"settingEncodeUrl":true,"settingFollowRedirects":"global","settingRebuildPath":true,"settingSendCookies":true,"settingStoreCookies":true,"url":"{{ base_url_onboarding }}/user/selfie","_type":"request"},{"_id":"req_ce1ab411d1b1427eb043eebcd915ce49","authentication":{"token":"{% response 'body', 'req_5a30d238f2014925842594bb5cf3c18d', 'b64::JC50b2tlbg==::46b', 'always' %}","type":"bearer"},"body":{},"created":1581005807928,"description":"","headers":[],"isPrivate":false,"metaSortKey":-1558595389202.5,"method":"DELETE","modified":1581005840292,"name":"DeleteSelfie","parameters":[],"parentId":"fld_b72346e34f1843abb0a1be7b67720ad9","settingDisableRenderRequestBody":false,"settingEncodeUrl":true,"settingFollowRedirects":"global","settingRebuildPath":true,"settingSendCookies":true,"settingStoreCookies":true,"url":"{{ base_url_onboarding }}/user/selfie","_type":"request"},{"_id":"req_13d9662a685d4a4cbd586ea26971bcce","authentication":{"token":"{% response 'body', 'req_1e68dcf023344333971e466fcbaa88c1', 'b64::JC50b2tlbg==::46b', 'always' %}","type":"bearer"},"body":{},"created":1570110033202,"description":"","headers":[{"disabled":true,"id":"pair_8cc2eda5594c483da2413a4338ff14cb","name":"apiKey","value":"KI6cPfPKDCB3s0YasFlTzJGiz75FJUWB"}],"isPrivate":false,"metaSortKey":-1558595389177.5,"method":"GET","modified":1570529660724,"name":"DocumentsSupported","parameters":[],"parentId":"fld_39498c7ce87446a7a47f377586d5256c","settingDisableRenderRequestBody":false,"settingEncodeUrl":true,"settingFollowRedirects":"global","settingRebuildPath":true,"settingSendCookies":true,"settingStoreCookies":true,"url":"{{ base_url_onboarding }}/documents/supported","_type":"request"},{"_id":"fld_39498c7ce87446a7a47f377586d5256c","created":1570110033194,"description":"","environment":{},"environmentPropertyOrder":null,"metaSortKey":-1558595389190,"modified":1570110033194,"name":"Documents","parentId":"fld_b72346e34f1843abb0a1be7b67720ad9","_type":"request_group"},{"_id":"req_c044c9aa21a9468991e7bc31aed8dc36","authentication":{"token":"{% response 'body', 'req_1e68dcf023344333971e466fcbaa88c1', 'b64::JC50b2tlbg==::46b', 'always' %}","type":"bearer"},"body":{"mimeType":"multipart/form-data","params":[{"id":"pair_cf4b55615cfb427889986f172af8c237","name":"type","value":"idcard"},{"id":"pair_c1d683cacaeb4a7b9a9dffdece7435e8","name":"issuing_country","value":"ESP"}]},"created":1570110033195,"description":"","headers":[{"id":"pair_3227fb6ec3c54616aa908659dd995565","name":"Content-Type","value":"multipart/form-data"}],"isPrivate":false,"metaSortKey":-1558595389127.5,"method":"POST","modified":1570530766007,"name":"CreateDocument","parameters":[],"parentId":"fld_39498c7ce87446a7a47f377586d5256c","settingDisableRenderRequestBody":false,"settingEncodeUrl":true,"settingFollowRedirects":"global","settingRebuildPath":true,"settingSendCookies":true,"settingStoreCookies":true,"url":"{{ base_url_onboarding }}/user/document","_type":"request"},{"_id":"req_feb7dfb729c04e4dbac614a09bb50802","authentication":{"token":"{% response 'body', 'req_5a30d238f2014925842594bb5cf3c18d', 'b64::JC50b2tlbg==::46b', 'always' %}","type":"bearer"},"body":{},"created":1585325315510,"description":"","headers":[{"description":"","id":"pair_4431b8ef46c24d918f01f7f673f1c4eb","name":"Content-Type","value":"multipart/form-data"}],"isPrivate":false,"metaSortKey":-1558595389115,"method":"PATCH","modified":1585325425887,"name":"VoidDocument","parameters":[],"parentId":"fld_39498c7ce87446a7a47f377586d5256c","settingDisableRenderRequestBody":false,"settingEncodeUrl":true,"settingFollowRedirects":"global","settingRebuildPath":true,"settingSendCookies":true,"settingStoreCookies":true,"url":"{{ base_url_onboarding }}/user/document/{% response 'body', 'req_c044c9aa21a9468991e7bc31aed8dc36', 'b64::JC5kb2N1bWVudF9pZA==::46b', 'never' %}","_type":"request"},{"_id":"req_2d81ea0751f645e9a7150b0587a968a1","authentication":{"token":"{% response 'body', 'req_5a30d238f2014925842594bb5cf3c18d', 'b64::JC50b2tlbg==::46b', 'always' %}","type":"bearer"},"body":{"mimeType":"multipart/form-data","params":[]},"created":1570110033200,"description":"","headers":[{"id":"pair_3227fb6ec3c54616aa908659dd995565","name":"Content-Type","value":"multipart/form-data"}],"isPrivate":false,"metaSortKey":-1558595389102.5,"method":"DELETE","modified":1585325373435,"name":"DeleteDocument","parameters":[],"parentId":"fld_39498c7ce87446a7a47f377586d5256c","settingDisableRenderRequestBody":false,"settingEncodeUrl":true,"settingFollowRedirects":"global","settingRebuildPath":true,"settingSendCookies":true,"settingStoreCookies":true,"url":"{{ base_url_onboarding }}/user/document/{% response 'body', 'req_c044c9aa21a9468991e7bc31aed8dc36', 'b64::JC5kb2N1bWVudF9pZA==::46b', 'never' %}","_type":"request"},{"_id":"req_11eb274151e7419f8e60fc552baecc4b","authentication":{"token":"{% response 'body', 'req_1e68dcf023344333971e466fcbaa88c1', 'b64::JC50b2tlbg==::46b', 'always' %}","type":"bearer"},"body":{"mimeType":"multipart/form-data","params":[{"id":"pair_f61c7674f61549459e48a3e7ca118202","name":"document_id","value":"{% response 'body', 'req_c044c9aa21a9468991e7bc31aed8dc36', 'b64::JC5kb2N1bWVudF9pZA==::46b', 'never' %}"},{"id":"pair_7c58f2439ddf40cb8a9a8aa9b8c76b6c","multiline":false,"name":"side","type":"text","value":"back"},{"disabled":false,"fileName":"","id":"pair_3658266459354704bee353d76e628346","name":"image","type":"file","value":""},{"description":"","id":"pair_17c4cc07f09e4355baef4e72337f2218","name":"manual","value":"true"},{"description":"","id":"pair_6776d9dab82845dd90699069ff323171","name":"source","value":"file"}]},"created":1570110033197,"description":"","headers":[{"id":"pair_3227fb6ec3c54616aa908659dd995565","name":"Content-Type","value":"multipart/form-data"}],"isPrivate":false,"metaSortKey":-1558595389077.5,"method":"PUT","modified":1595241421699,"name":"AddDocument [back]","parameters":[],"parentId":"fld_39498c7ce87446a7a47f377586d5256c","settingDisableRenderRequestBody":false,"settingEncodeUrl":true,"settingFollowRedirects":"global","settingRebuildPath":true,"settingSendCookies":true,"settingStoreCookies":true,"url":"{{ base_url_onboarding }}/user/document","_type":"request"},{"_id":"req_740920734c664103a3b50e79a054a668","authentication":{"token":"{% response 'body', 'req_1e68dcf023344333971e466fcbaa88c1', 'b64::JC50b2tlbg==::46b', 'always' %}","type":"bearer"},"body":{"mimeType":"multipart/form-data","params":[{"id":"pair_f61c7674f61549459e48a3e7ca118202","name":"document_id","value":"{% response 'body', 'req_c044c9aa21a9468991e7bc31aed8dc36', 'b64::JC5kb2N1bWVudF9pZA==::46b', 'never' %}"},{"id":"pair_7c58f2439ddf40cb8a9a8aa9b8c76b6c","multiline":false,"name":"side","type":"text","value":"front"},{"id":"pair_865993384f744ba094443f9bb75fa5dc","name":"image","type":"file","value":""},{"description":"","id":"pair_79920df512094e3e8d1717d99a66c641","name":"manual","value":"true"},{"description":"","id":"pair_f1dc1d9d5f5348629face0272d7fee22","name":"source","value":"file"}]},"created":1570110033198,"description":"","headers":[{"id":"pair_3227fb6ec3c54616aa908659dd995565","name":"Content-Type","value":"multipart/form-data"}],"isPrivate":false,"metaSortKey":-1558595389027.5,"method":"PUT","modified":1595241626751,"name":"AddDocument [front]","parameters":[],"parentId":"fld_39498c7ce87446a7a47f377586d5256c","settingDisableRenderRequestBody":false,"settingEncodeUrl":true,"settingFollowRedirects":"global","settingRebuildPath":true,"settingSendCookies":true,"settingStoreCookies":true,"url":"{{ base_url_onboarding }}/user/document","_type":"request"},{"_id":"req_db119cad77884fedb2c9ac3a65f4f54c","authentication":{"token":"{% response 'body', 'req_1e68dcf023344333971e466fcbaa88c1', 'b64::JC50b2tlbg==::46b', 'always' %}","type":"bearer"},"body":{"mimeType":"multipart/form-data","params":[{"description":"","id":"pair_9e3e2c2b6148432697f841a78cb31ebf","name":"document_id","value":"{% response 'body', 'req_c044c9aa21a9468991e7bc31aed8dc36', 'b64::JC5kb2N1bWVudF9pZA==::46b', 'never' %}"},{"description":"","id":"pair_b4e98ea17c4346c5b4c3fd5f5154dbd5","name":"side","value":"internal"},{"description":"","disabled":false,"fileName":"/home/mlorenzo/rocio.jpeg","id":"pair_8af0b3ad66764989aed17fa1c8efb470","name":"image","type":"file","value":""},{"description":"","id":"pair_1c8882fec6824aa484cd7547903bde6a","name":"fields","value":"{\"first_name\": \"Rocio\", \"last_name\": \"Monsterio\", \"party\": \"VOX\"}"}]},"created":1579175376811,"description":"","headers":[{"id":"pair_f152e78ad060457394259e6c0186b9e7","name":"Content-Type","value":"multipart/form-data"}],"isPrivate":false,"metaSortKey":-1558595389002.5,"method":"PUT","modified":1579175713027,"name":"AddDocument[internal]","parameters":[],"parentId":"fld_39498c7ce87446a7a47f377586d5256c","settingDisableRenderRequestBody":false,"settingEncodeUrl":true,"settingFollowRedirects":"global","settingRebuildPath":true,"settingSendCookies":true,"settingStoreCookies":true,"url":"{{ base_url_onboarding }}/user/document","_type":"request"},{"_id":"req_4c8af8a81717495281e6ae326b80ec20","authentication":{"token":"{% response 'body', 'req_1e68dcf023344333971e466fcbaa88c1', 'b64::JC50b2tlbg==::46b', 'always' %}","type":"bearer"},"body":{"mimeType":"multipart/form-data","params":[{"description":"","id":"pair_c0428d63626f40eeacb675f812217259","name":"document_id","value":"{% response 'body', 'req_c044c9aa21a9468991e7bc31aed8dc36', 'b64::JC5kb2N1bWVudF9pZA==::46b', 'never' %}"}]},"created":1579105853231,"description":"","headers":[{"id":"pair_ec42724729e14649a9fe658e27438ea8","name":"Content-Type","value":"multipart/form-data"}],"isPrivate":false,"metaSortKey":-1558595388977.5,"method":"POST","modified":1579105956921,"name":"DocProperties","parameters":[],"parentId":"fld_39498c7ce87446a7a47f377586d5256c","settingDisableRenderRequestBody":false,"settingEncodeUrl":true,"settingFollowRedirects":"global","settingRebuildPath":true,"settingSendCookies":true,"settingStoreCookies":true,"url":"{{ base_url_onboarding }}/user/document/properties","_type":"request"},{"_id":"req_7fc47bfb300a49f38d91bbfa08918d61","authentication":{"token":"{% response 'body', 'req_5a30d238f2014925842594bb5cf3c18d', 'b64::JC50b2tlbg==::46b', 'always' %}","type":"bearer"},"body":{"mimeType":"multipart/form-data","params":[]},"created":1570110033208,"description":"","headers":[{"id":"pair_3227fb6ec3c54616aa908659dd995565","name":"Content-Type","value":"multipart/form-data"}],"isPrivate":false,"metaSortKey":-1558595389140,"method":"GET","modified":1570530967869,"name":"CreateReport","parameters":[],"parentId":"fld_b72346e34f1843abb0a1be7b67720ad9","settingDisableRenderRequestBody":false,"settingEncodeUrl":true,"settingFollowRedirects":"global","settingRebuildPath":true,"settingSendCookies":true,"settingStoreCookies":true,"url":"{{ base_url_onboarding }}/user/report","_type":"request"},{"_id":"req_eff7b8b584e247b3a6ebaa39d3bfbd10","authentication":{"token":"{% response 'body', 'req_5a30d238f2014925842594bb5cf3c18d', 'b64::JC50b2tlbg==::46b', 'always' %}","type":"bearer"},"body":{},"created":1570110033213,"description":"","headers":[],"isPrivate":false,"metaSortKey":-1558595389090,"method":"GET","modified":1570609735430,"name":"DownloadMedia","parameters":[],"parentId":"fld_b72346e34f1843abb0a1be7b67720ad9","settingDisableRenderRequestBody":false,"settingEncodeUrl":true,"settingFollowRedirects":"global","settingRebuildPath":true,"settingSendCookies":true,"settingStoreCookies":true,"url":"{{ base_url_onboarding }}/media/<ADD-HERE-YOUR-MEDIA-ID>/download","_type":"request"},{"_id":"req_696c1d7db1c6447d81f2456d4009cfa8","authentication":{"token":"{% response 'body', 'req_5a30d238f2014925842594bb5cf3c18d', 'b64::JC50b2tlbg==::46b', 'always' %}","type":"bearer"},"body":{},"created":1570110033224,"description":"","headers":[],"isPrivate":false,"metaSortKey":-1558595389165,"method":"POST","modified":1570531015463,"name":"AuthorizeUser","parameters":[],"parentId":"fld_d9c4235333dc417b8be065d94c07dcd2","settingDisableRenderRequestBody":false,"settingEncodeUrl":true,"settingFollowRedirects":"global","settingRebuildPath":true,"settingSendCookies":true,"settingStoreCookies":true,"url":"{{ base_url_onboarding }}/user/authorize","_type":"request"},{"_id":"fld_d9c4235333dc417b8be065d94c07dcd2","created":1570110033221,"description":"","environment":{},"environmentPropertyOrder":null,"metaSortKey":-1570089232384,"modified":1570110033221,"name":"Authentication","parentId":"fld_191dba5b23d742dd96d285470617c87f","_type":"request_group"},{"_id":"req_7171d2169b1043b3918661540c886d76","authentication":{"token":"{% response 'body', 'req_5a30d238f2014925842594bb5cf3c18d', 'b64::JC50b2tlbg==::46b', 'never' %}","type":"bearer"},"body":{},"created":1570110033231,"description":"","headers":[],"isPrivate":false,"metaSortKey":-1558595389140,"method":"POST","modified":1570531035704,"name":"DeauthorizeUser","parameters":[],"parentId":"fld_d9c4235333dc417b8be065d94c07dcd2","settingDisableRenderRequestBody":false,"settingEncodeUrl":true,"settingFollowRedirects":"global","settingRebuildPath":true,"settingSendCookies":true,"settingStoreCookies":true,"url":"{{ base_url_onboarding }}/user/deauthorize","_type":"request"},{"_id":"req_0effb580702940198dc7c2a8519a1507","authentication":{"token":"{% response 'body', 'req_1e68dcf023344333971e466fcbaa88c1', 'b64::JC50b2tlbg==::46b', 'always' %}","type":"bearer"},"body":{"mimeType":"multipart/form-data","params":[{"id":"pair_accb865747d4412297bce9b91d9927d5","name":"video","type":"file","value":""}]},"created":1570110033226,"description":"","headers":[{"id":"pair_d725c3a5e2cf497cadad53d67ff091d0","name":"Content-Type","value":"multipart/form-data"}],"isPrivate":false,"metaSortKey":-1558595389115,"method":"POST","modified":1570609074788,"name":"Authenticate","parameters":[],"parentId":"fld_d9c4235333dc417b8be065d94c07dcd2","settingDisableRenderRequestBody":false,"settingEncodeUrl":true,"settingFollowRedirects":"global","settingRebuildPath":true,"settingSendCookies":true,"settingStoreCookies":true,"url":"{{ base_url_onboarding }}/user/authenticate","_type":"request"},{"_id":"req_0337397a6bb2448cbb40b127b2fc5696","authentication":{"token":"{% response 'body', 'req_5a30d238f2014925842594bb5cf3c18d', 'b64::JC50b2tlbg==::46b', 'always' %}","type":"bearer"},"body":{"mimeType":"multipart/form-data","params":[]},"created":1570110033229,"description":"","headers":[{"id":"pair_d725c3a5e2cf497cadad53d67ff091d0","name":"Content-Type","value":"multipart/form-data"}],"isPrivate":false,"metaSortKey":-1558595389090,"method":"GET","modified":1570608997099,"name":"GetAuthentication","parameters":[],"parentId":"fld_d9c4235333dc417b8be065d94c07dcd2","settingDisableRenderRequestBody":false,"settingEncodeUrl":true,"settingFollowRedirects":"global","settingRebuildPath":true,"settingSendCookies":true,"settingStoreCookies":true,"url":"{{ base_url_onboarding }}/user/authentication/{% response 'body', 'req_0effb580702940198dc7c2a8519a1507', 'b64::JC5hdXRoZW50aWNhdGlvbl9pZA==::46b', 'never' %}","_type":"request"},{"_id":"req_efdf41112ae04215a9e1d13b638d217a","authentication":{"token":"{% response 'body', 'req_5a30d238f2014925842594bb5cf3c18d', 'b64::JC50b2tlbg==::46b', 'always' %}","type":"bearer"},"body":{"mimeType":"multipart/form-data","params":[]},"created":1570110033228,"description":"","headers":[{"id":"pair_d725c3a5e2cf497cadad53d67ff091d0","name":"Content-Type","value":"multipart/form-data"}],"isPrivate":false,"metaSortKey":-1558595389065,"method":"GET","modified":1570609012025,"name":"GetAuthentications","parameters":[],"parentId":"fld_d9c4235333dc417b8be065d94c07dcd2","settingDisableRenderRequestBody":false,"settingEncodeUrl":true,"settingFollowRedirects":"global","settingRebuildPath":true,"settingSendCookies":true,"settingStoreCookies":true,"url":"{{ base_url_onboarding }}/user/authentications","_type":"request"},{"_id":"env_5491b199877e40868604d467edd63ab6","color":null,"created":1570110033148,"data":{"apikey_client":"<YOUR_CLIENT_API>","base_url_auth":"https://apis.alicebiometrics.com/auth","base_url_onboarding":"https://apis.alicebiometrics.com/onboarding"},"dataPropertyOrder":{"&":["apikey_client","base_url_onboarding","base_url_auth"]},"isPrivate":false,"metaSortKey":1558595272017,"modified":1585327447391,"name":"Base Environment","parentId":"wrk_66bb3f44eba44c73bc00da315b644083","_type":"environment"},{"_id":"jar_ee52dc5ac865478cb7cb460501ad8c64","cookies":[],"created":1570110033185,"modified":1570110033185,"name":"Default Jar","parentId":"wrk_66bb3f44eba44c73bc00da315b644083","_type":"cookie_jar"},{"_id":"spc_1d1d671d047141419904bab3c0b173a7","contentType":"yaml","contents":"","created":1595241338605,"fileName":"Demo ALiCE Onboarding","modified":1595241338605,"parentId":"wrk_66bb3f44eba44c73bc00da315b644083","_type":"api_spec"}]}