{"_type":"export","__export_format":4,"__export_date":"2021-01-28T10:14:41.048Z","__export_source":"insomnia.desktop.app:v2020.5.2","resources":[{"_id":"req_3b3c5f2b2b7941eea98d53e6a9c212c8","parentId":"fld_d2abfc2c15ff4378adfa06b898064c9d","modified":1611828630664,"created":1570110033244,"url":"{{ base_url_onboarding }}/login_token","name":"Login Token","description":"","method":"GET","body":{},"parameters":[],"headers":[{"id":"pair_c1c1e461bf7345c09d1c6151a4873724","name":"apikey","value":"{{ apikey_client }}"}],"authentication":{},"metaSortKey":-1570045312662,"isPrivate":false,"settingStoreCookies":true,"settingSendCookies":true,"settingDisableRenderRequestBody":false,"settingEncodeUrl":true,"settingRebuildPath":true,"settingFollowRedirects":"global","_type":"request"},{"_id":"fld_d2abfc2c15ff4378adfa06b898064c9d","parentId":"wrk_66bb3f44eba44c73bc00da315b644083","modified":1570110033233,"created":1570110033233,"name":"Auth","description":"","environment":{},"environmentPropertyOrder":null,"metaSortKey":-1570089136873,"_type":"request_group"},{"_id":"wrk_66bb3f44eba44c73bc00da315b644083","parentId":null,"modified":1570110043725,"created":1570110033141,"name":"Demo ALiCE Onboarding","description":"Onboarding Development\n======================\n\nWorkspace for daily use by alice's technical team.","scope":null,"_type":"workspace"},{"_id":"req_a4f8d85bd6144fca881dbc7888c3ce6c","parentId":"fld_d2abfc2c15ff4378adfa06b898064c9d","modified":1611828665726,"created":1570110033243,"url":"{{ base_url_onboarding }}/backend_token","name":"Backend Token","description":"","method":"GET","body":{},"parameters":[],"headers":[],"authentication":{"token":"{% response 'body', 'req_3b3c5f2b2b7941eea98d53e6a9c212c8', 'b64::JC50b2tlbg==::46b', 'always' %}","type":"bearer"},"metaSortKey":-1570000755102,"isPrivate":false,"settingStoreCookies":true,"settingSendCookies":true,"settingDisableRenderRequestBody":false,"settingEncodeUrl":true,"settingRebuildPath":true,"settingFollowRedirects":"global","_type":"request"},{"_id":"req_5a30d238f2014925842594bb5cf3c18d","parentId":"fld_d2abfc2c15ff4378adfa06b898064c9d","modified":1611828661408,"created":1570110033245,"url":"{{ base_url_onboarding }}/backend_token/{% response 'body', 'req_9bcaaa980d124d2185b68e4b5f6048b4', 'b64::JC51c2VyX2lk::46b', 'never' %}","name":"Backend Token with User","description":"","method":"GET","body":{},"parameters":[],"headers":[],"authentication":{"token":"{% response 'body', 'req_3b3c5f2b2b7941eea98d53e6a9c212c8', 'b64::JC50b2tlbg==::46b', 'always' %}","type":"bearer"},"metaSortKey":-1569982090731.75,"isPrivate":false,"settingStoreCookies":true,"settingSendCookies":true,"settingDisableRenderRequestBody":false,"settingEncodeUrl":true,"settingRebuildPath":true,"settingFollowRedirects":"global","_type":"request"},{"_id":"req_1e68dcf023344333971e466fcbaa88c1","parentId":"fld_d2abfc2c15ff4378adfa06b898064c9d","modified":1611828658223,"created":1570110033247,"url":"{{ base_url_onboarding }}/user_token/{% response 'body', 'req_9bcaaa980d124d2185b68e4b5f6048b4', 'b64::JC51c2VyX2lk::46b', 'never' %}","name":"User Token","description":"","method":"GET","body":{},"parameters":[],"headers":[],"authentication":{"token":"{% response 'body', 'req_3b3c5f2b2b7941eea98d53e6a9c212c8', 'b64::JC50b2tlbg==::46b', 'no-history' %}","type":"bearer"},"metaSortKey":-1569972758546.625,"isPrivate":false,"settingStoreCookies":true,"settingSendCookies":true,"settingDisableRenderRequestBody":false,"settingEncodeUrl":true,"settingRebuildPath":true,"settingFollowRedirects":"global","_type":"request"},{"_id":"req_9bcaaa980d124d2185b68e4b5f6048b4","parentId":"fld_b72346e34f1843abb0a1be7b67720ad9","modified":1595241356143,"created":1570110033203,"url":"{{ base_url_onboarding }}/user","name":"CreateUser","description":"","method":"POST","body":{"mimeType":"multipart/form-data","params":[{"disabled":false,"id":"pair_40ea2436104143c99340c68e6edc08af","name":"first_name","value":"Carmen"},{"disabled":false,"id":"pair_ee3187b029f24e779316b81a2b56fa7c","name":"last_name","value":"Espanola"},{"disabled":false,"id":"pair_4285e1a21a0f424fbf6d68970b951232","name":"email","value":"carmen@alicebiometrics.com"}]},"parameters":[],"headers":[{"id":"pair_5bfe01af9b504523b2427a517e9d5059","name":"Content-Type","value":"multipart/form-data"}],"authentication":{"token":"{% response 'body', 'req_a4f8d85bd6144fca881dbc7888c3ce6c', 'b64::JC50b2tlbg==::46b', 'always' %}","type":"bearer"},"metaSortKey":-1558595389440,"isPrivate":false,"settingStoreCookies":true,"settingSendCookies":true,"settingDisableRenderRequestBody":false,"settingEncodeUrl":true,"settingRebuildPath":true,"settingFollowRedirects":"global","_type":"request"},{"_id":"fld_b72346e34f1843abb0a1be7b67720ad9","parentId":"fld_191dba5b23d742dd96d285470617c87f","modified":1570600921497,"created":1570110033193,"name":"Know Your Customer","description":"","environment":{},"environmentPropertyOrder":null,"metaSortKey":-1570089284889,"_type":"request_group"},{"_id":"fld_191dba5b23d742dd96d285470617c87f","parentId":"wrk_66bb3f44eba44c73bc00da315b644083","modified":1570110033188,"created":1570110033188,"name":"Onboarding","description":"","environment":{},"environmentPropertyOrder":null,"metaSortKey":-1570089136823,"_type":"request_group"},{"_id":"req_6228688342b5450d9780894cc6091dae","parentId":"fld_b72346e34f1843abb0a1be7b67720ad9","modified":1570529333807,"created":1570110033211,"url":"{{ base_url_onboarding }}/user","name":"DeleteUser","description":"","method":"DELETE","body":{},"parameters":[],"headers":[],"authentication":{"token":"{% response 'body', 'req_1e68dcf023344333971e466fcbaa88c1', 'b64::JC50b2tlbg==::46b', 'always' %}","type":"bearer"},"metaSortKey":-1558595389390,"isPrivate":false,"settingStoreCookies":true,"settingSendCookies":true,"settingDisableRenderRequestBody":false,"settingEncodeUrl":true,"settingRebuildPath":true,"settingFollowRedirects":"global","_type":"request"},{"_id":"req_75c947a1fc224df480a01b58ad89bfe0","parentId":"fld_b72346e34f1843abb0a1be7b67720ad9","modified":1570529324377,"created":1570110033205,"url":"{{ base_url_onboarding }}/user/status","name":"GetUserStatus","description":"","method":"GET","body":{},"parameters":[],"headers":[],"authentication":{"token":"{% response 'body', 'req_1e68dcf023344333971e466fcbaa88c1', 'b64::JC50b2tlbg==::46b', 'always' %}","type":"bearer"},"metaSortKey":-1558595389340,"isPrivate":false,"settingStoreCookies":true,"settingSendCookies":true,"settingDisableRenderRequestBody":false,"settingEncodeUrl":true,"settingRebuildPath":true,"settingFollowRedirects":"global","_type":"request"},{"_id":"req_63208c87b1564821ad02242b3db989bc","parentId":"fld_b72346e34f1843abb0a1be7b67720ad9","modified":1570529346624,"created":1570110033210,"url":"{{ base_url_onboarding }}/users","name":"GetUsers","description":"","method":"GET","body":{},"parameters":[],"headers":[],"authentication":{"token":"{% response 'body', 'req_a4f8d85bd6144fca881dbc7888c3ce6c', 'b64::JC50b2tlbg==::46b', 'always' %}","type":"bearer"},"metaSortKey":-1558595389290,"isPrivate":false,"settingStoreCookies":true,"settingSendCookies":true,"settingDisableRenderRequestBody":false,"settingEncodeUrl":true,"settingRebuildPath":true,"settingFollowRedirects":"global","_type":"request"},{"_id":"req_d897e3d766684e25b4c431a2be98eddf","parentId":"fld_b72346e34f1843abb0a1be7b67720ad9","modified":1570529357040,"created":1570110033214,"url":"{{ base_url_onboarding }}/users/status","name":"GetUsersStatus","description":"","method":"GET","body":{},"parameters":[],"headers":[],"authentication":{"token":"{% response 'body', 'req_a4f8d85bd6144fca881dbc7888c3ce6c', 'b64::JC50b2tlbg==::46b', 'always' %}","type":"bearer"},"metaSortKey":-1558595389240,"isPrivate":false,"settingStoreCookies":true,"settingSendCookies":true,"settingDisableRenderRequestBody":false,"settingEncodeUrl":true,"settingRebuildPath":true,"settingFollowRedirects":"global","_type":"request"},{"_id":"req_2bde67cde72a4ce2abcf459d6f9500c1","parentId":"fld_b72346e34f1843abb0a1be7b67720ad9","modified":1581006020403,"created":1570110033207,"url":"{{ base_url_onboarding }}/user/selfie","name":"AddSelfie","description":"","method":"POST","body":{"mimeType":"multipart/form-data","params":[{"fileName":"/home/mlorenzo/Imágenes/mlorenzo_head.jpg","id":"pair_544bfc632e9e4f4eb566e7165cac7432","name":"video","type":"file","value":""}]},"parameters":[],"headers":[{"id":"pair_3227fb6ec3c54616aa908659dd995565","name":"Content-Type","value":"multipart/form-data"}],"authentication":{"token":"{% response 'body', 'req_1e68dcf023344333971e466fcbaa88c1', 'b64::JC50b2tlbg==::46b', 'always' %}","type":"bearer"},"metaSortKey":-1558595389215,"isPrivate":false,"settingStoreCookies":true,"settingSendCookies":true,"settingDisableRenderRequestBody":false,"settingEncodeUrl":true,"settingRebuildPath":true,"settingFollowRedirects":"global","_type":"request"},{"_id":"req_ce1ab411d1b1427eb043eebcd915ce49","parentId":"fld_b72346e34f1843abb0a1be7b67720ad9","modified":1581005840292,"created":1581005807928,"url":"{{ base_url_onboarding }}/user/selfie","name":"DeleteSelfie","description":"","method":"DELETE","body":{},"parameters":[],"headers":[],"authentication":{"token":"{% response 'body', 'req_5a30d238f2014925842594bb5cf3c18d', 'b64::JC50b2tlbg==::46b', 'always' %}","type":"bearer"},"metaSortKey":-1558595389202.5,"isPrivate":false,"settingStoreCookies":true,"settingSendCookies":true,"settingDisableRenderRequestBody":false,"settingEncodeUrl":true,"settingRebuildPath":true,"settingFollowRedirects":"global","_type":"request"},{"_id":"req_13d9662a685d4a4cbd586ea26971bcce","parentId":"fld_39498c7ce87446a7a47f377586d5256c","modified":1570529660724,"created":1570110033202,"url":"{{ base_url_onboarding }}/documents/supported","name":"DocumentsSupported","description":"","method":"GET","body":{},"parameters":[],"headers":[{"disabled":true,"id":"pair_8cc2eda5594c483da2413a4338ff14cb","name":"apiKey","value":"KI6cPfPKDCB3s0YasFlTzJGiz75FJUWB"}],"authentication":{"token":"{% response 'body', 'req_1e68dcf023344333971e466fcbaa88c1', 'b64::JC50b2tlbg==::46b', 'always' %}","type":"bearer"},"metaSortKey":-1558595389177.5,"isPrivate":false,"settingStoreCookies":true,"settingSendCookies":true,"settingDisableRenderRequestBody":false,"settingEncodeUrl":true,"settingRebuildPath":true,"settingFollowRedirects":"global","_type":"request"},{"_id":"fld_39498c7ce87446a7a47f377586d5256c","parentId":"fld_b72346e34f1843abb0a1be7b67720ad9","modified":1570110033194,"created":1570110033194,"name":"Documents","description":"","environment":{},"environmentPropertyOrder":null,"metaSortKey":-1558595389190,"_type":"request_group"},{"_id":"req_c044c9aa21a9468991e7bc31aed8dc36","parentId":"fld_39498c7ce87446a7a47f377586d5256c","modified":1570530766007,"created":1570110033195,"url":"{{ base_url_onboarding }}/user/document","name":"CreateDocument","description":"","method":"POST","body":{"mimeType":"multipart/form-data","params":[{"id":"pair_cf4b55615cfb427889986f172af8c237","name":"type","value":"idcard"},{"id":"pair_c1d683cacaeb4a7b9a9dffdece7435e8","name":"issuing_country","value":"ESP"}]},"parameters":[],"headers":[{"id":"pair_3227fb6ec3c54616aa908659dd995565","name":"Content-Type","value":"multipart/form-data"}],"authentication":{"token":"{% response 'body', 'req_1e68dcf023344333971e466fcbaa88c1', 'b64::JC50b2tlbg==::46b', 'always' %}","type":"bearer"},"metaSortKey":-1558595389127.5,"isPrivate":false,"settingStoreCookies":true,"settingSendCookies":true,"settingDisableRenderRequestBody":false,"settingEncodeUrl":true,"settingRebuildPath":true,"settingFollowRedirects":"global","_type":"request"},{"_id":"req_feb7dfb729c04e4dbac614a09bb50802","parentId":"fld_39498c7ce87446a7a47f377586d5256c","modified":1585325425887,"created":1585325315510,"url":"{{ base_url_onboarding }}/user/document/{% response 'body', 'req_c044c9aa21a9468991e7bc31aed8dc36', 'b64::JC5kb2N1bWVudF9pZA==::46b', 'never' %}","name":"VoidDocument","description":"","method":"PATCH","body":{},"parameters":[],"headers":[{"description":"","id":"pair_4431b8ef46c24d918f01f7f673f1c4eb","name":"Content-Type","value":"multipart/form-data"}],"authentication":{"token":"{% response 'body', 'req_5a30d238f2014925842594bb5cf3c18d', 'b64::JC50b2tlbg==::46b', 'always' %}","type":"bearer"},"metaSortKey":-1558595389115,"isPrivate":false,"settingStoreCookies":true,"settingSendCookies":true,"settingDisableRenderRequestBody":false,"settingEncodeUrl":true,"settingRebuildPath":true,"settingFollowRedirects":"global","_type":"request"},{"_id":"req_2d81ea0751f645e9a7150b0587a968a1","parentId":"fld_39498c7ce87446a7a47f377586d5256c","modified":1585325373435,"created":1570110033200,"url":"{{ base_url_onboarding }}/user/document/{% response 'body', 'req_c044c9aa21a9468991e7bc31aed8dc36', 'b64::JC5kb2N1bWVudF9pZA==::46b', 'never' %}","name":"DeleteDocument","description":"","method":"DELETE","body":{"mimeType":"multipart/form-data","params":[]},"parameters":[],"headers":[{"id":"pair_3227fb6ec3c54616aa908659dd995565","name":"Content-Type","value":"multipart/form-data"}],"authentication":{"token":"{% response 'body', 'req_5a30d238f2014925842594bb5cf3c18d', 'b64::JC50b2tlbg==::46b', 'always' %}","type":"bearer"},"metaSortKey":-1558595389102.5,"isPrivate":false,"settingStoreCookies":true,"settingSendCookies":true,"settingDisableRenderRequestBody":false,"settingEncodeUrl":true,"settingRebuildPath":true,"settingFollowRedirects":"global","_type":"request"},{"_id":"req_11eb274151e7419f8e60fc552baecc4b","parentId":"fld_39498c7ce87446a7a47f377586d5256c","modified":1595241421699,"created":1570110033197,"url":"{{ base_url_onboarding }}/user/document","name":"AddDocument [back]","description":"","method":"PUT","body":{"mimeType":"multipart/form-data","params":[{"id":"pair_f61c7674f61549459e48a3e7ca118202","name":"document_id","value":"{% response 'body', 'req_c044c9aa21a9468991e7bc31aed8dc36', 'b64::JC5kb2N1bWVudF9pZA==::46b', 'never' %}"},{"id":"pair_7c58f2439ddf40cb8a9a8aa9b8c76b6c","multiline":false,"name":"side","type":"text","value":"back"},{"disabled":false,"fileName":"","id":"pair_3658266459354704bee353d76e628346","name":"image","type":"file","value":""},{"description":"","id":"pair_17c4cc07f09e4355baef4e72337f2218","name":"manual","value":"true"},{"description":"","id":"pair_6776d9dab82845dd90699069ff323171","name":"source","value":"file"}]},"parameters":[],"headers":[{"id":"pair_3227fb6ec3c54616aa908659dd995565","name":"Content-Type","value":"multipart/form-data"}],"authentication":{"token":"{% response 'body', 'req_1e68dcf023344333971e466fcbaa88c1', 'b64::JC50b2tlbg==::46b', 'always' %}","type":"bearer"},"metaSortKey":-1558595389077.5,"isPrivate":false,"settingStoreCookies":true,"settingSendCookies":true,"settingDisableRenderRequestBody":false,"settingEncodeUrl":true,"settingRebuildPath":true,"settingFollowRedirects":"global","_type":"request"},{"_id":"req_740920734c664103a3b50e79a054a668","parentId":"fld_39498c7ce87446a7a47f377586d5256c","modified":1595241626751,"created":1570110033198,"url":"{{ base_url_onboarding }}/user/document","name":"AddDocument [front]","description":"","method":"PUT","body":{"mimeType":"multipart/form-data","params":[{"id":"pair_f61c7674f61549459e48a3e7ca118202","name":"document_id","value":"{% response 'body', 'req_c044c9aa21a9468991e7bc31aed8dc36', 'b64::JC5kb2N1bWVudF9pZA==::46b', 'never' %}"},{"id":"pair_7c58f2439ddf40cb8a9a8aa9b8c76b6c","multiline":false,"name":"side","type":"text","value":"front"},{"id":"pair_865993384f744ba094443f9bb75fa5dc","name":"image","type":"file","value":""},{"description":"","id":"pair_79920df512094e3e8d1717d99a66c641","name":"manual","value":"true"},{"description":"","id":"pair_f1dc1d9d5f5348629face0272d7fee22","name":"source","value":"file"}]},"parameters":[],"headers":[{"id":"pair_3227fb6ec3c54616aa908659dd995565","name":"Content-Type","value":"multipart/form-data"}],"authentication":{"token":"{% response 'body', 'req_1e68dcf023344333971e466fcbaa88c1', 'b64::JC50b2tlbg==::46b', 'always' %}","type":"bearer"},"metaSortKey":-1558595389027.5,"isPrivate":false,"settingStoreCookies":true,"settingSendCookies":true,"settingDisableRenderRequestBody":false,"settingEncodeUrl":true,"settingRebuildPath":true,"settingFollowRedirects":"global","_type":"request"},{"_id":"req_db119cad77884fedb2c9ac3a65f4f54c","parentId":"fld_39498c7ce87446a7a47f377586d5256c","modified":1579175713027,"created":1579175376811,"url":"{{ base_url_onboarding }}/user/document","name":"AddDocument[internal]","description":"","method":"PUT","body":{"mimeType":"multipart/form-data","params":[{"description":"","id":"pair_9e3e2c2b6148432697f841a78cb31ebf","name":"document_id","value":"{% response 'body', 'req_c044c9aa21a9468991e7bc31aed8dc36', 'b64::JC5kb2N1bWVudF9pZA==::46b', 'never' %}"},{"description":"","id":"pair_b4e98ea17c4346c5b4c3fd5f5154dbd5","name":"side","value":"internal"},{"description":"","disabled":false,"fileName":"/home/mlorenzo/rocio.jpeg","id":"pair_8af0b3ad66764989aed17fa1c8efb470","name":"image","type":"file","value":""},{"description":"","id":"pair_1c8882fec6824aa484cd7547903bde6a","name":"fields","value":"{\"first_name\": \"Rocio\", \"last_name\": \"Monsterio\", \"party\": \"VOX\"}"}]},"parameters":[],"headers":[{"id":"pair_f152e78ad060457394259e6c0186b9e7","name":"Content-Type","value":"multipart/form-data"}],"authentication":{"token":"{% response 'body', 'req_1e68dcf023344333971e466fcbaa88c1', 'b64::JC50b2tlbg==::46b', 'always' %}","type":"bearer"},"metaSortKey":-1558595389002.5,"isPrivate":false,"settingStoreCookies":true,"settingSendCookies":true,"settingDisableRenderRequestBody":false,"settingEncodeUrl":true,"settingRebuildPath":true,"settingFollowRedirects":"global","_type":"request"},{"_id":"req_4c8af8a81717495281e6ae326b80ec20","parentId":"fld_39498c7ce87446a7a47f377586d5256c","modified":1579105956921,"created":1579105853231,"url":"{{ base_url_onboarding }}/user/document/properties","name":"DocProperties","description":"","method":"POST","body":{"mimeType":"multipart/form-data","params":[{"description":"","id":"pair_c0428d63626f40eeacb675f812217259","name":"document_id","value":"{% response 'body', 'req_c044c9aa21a9468991e7bc31aed8dc36', 'b64::JC5kb2N1bWVudF9pZA==::46b', 'never' %}"}]},"parameters":[],"headers":[{"id":"pair_ec42724729e14649a9fe658e27438ea8","name":"Content-Type","value":"multipart/form-data"}],"authentication":{"token":"{% response 'body', 'req_1e68dcf023344333971e466fcbaa88c1', 'b64::JC50b2tlbg==::46b', 'always' %}","type":"bearer"},"metaSortKey":-1558595388977.5,"isPrivate":false,"settingStoreCookies":true,"settingSendCookies":true,"settingDisableRenderRequestBody":false,"settingEncodeUrl":true,"settingRebuildPath":true,"settingFollowRedirects":"global","_type":"request"},{"_id":"req_7fc47bfb300a49f38d91bbfa08918d61","parentId":"fld_b72346e34f1843abb0a1be7b67720ad9","modified":1570530967869,"created":1570110033208,"url":"{{ base_url_onboarding }}/user/report","name":"CreateReport","description":"","method":"GET","body":{"mimeType":"multipart/form-data","params":[]},"parameters":[],"headers":[{"id":"pair_3227fb6ec3c54616aa908659dd995565","name":"Content-Type","value":"multipart/form-data"}],"authentication":{"token":"{% response 'body', 'req_5a30d238f2014925842594bb5cf3c18d', 'b64::JC50b2tlbg==::46b', 'always' %}","type":"bearer"},"metaSortKey":-1558595389140,"isPrivate":false,"settingStoreCookies":true,"settingSendCookies":true,"settingDisableRenderRequestBody":false,"settingEncodeUrl":true,"settingRebuildPath":true,"settingFollowRedirects":"global","_type":"request"},{"_id":"req_eff7b8b584e247b3a6ebaa39d3bfbd10","parentId":"fld_b72346e34f1843abb0a1be7b67720ad9","modified":1570609735430,"created":1570110033213,"url":"{{ base_url_onboarding }}/media/<ADD-HERE-YOUR-MEDIA-ID>/download","name":"DownloadMedia","description":"","method":"GET","body":{},"parameters":[],"headers":[],"authentication":{"token":"{% response 'body', 'req_5a30d238f2014925842594bb5cf3c18d', 'b64::JC50b2tlbg==::46b', 'always' %}","type":"bearer"},"metaSortKey":-1558595389090,"isPrivate":false,"settingStoreCookies":true,"settingSendCookies":true,"settingDisableRenderRequestBody":false,"settingEncodeUrl":true,"settingRebuildPath":true,"settingFollowRedirects":"global","_type":"request"},{"_id":"req_696c1d7db1c6447d81f2456d4009cfa8","parentId":"fld_d9c4235333dc417b8be065d94c07dcd2","modified":1570531015463,"created":1570110033224,"url":"{{ base_url_onboarding }}/user/authorize","name":"AuthorizeUser","description":"","method":"POST","body":{},"parameters":[],"headers":[],"authentication":{"token":"{% response 'body', 'req_5a30d238f2014925842594bb5cf3c18d', 'b64::JC50b2tlbg==::46b', 'always' %}","type":"bearer"},"metaSortKey":-1558595389165,"isPrivate":false,"settingStoreCookies":true,"settingSendCookies":true,"settingDisableRenderRequestBody":false,"settingEncodeUrl":true,"settingRebuildPath":true,"settingFollowRedirects":"global","_type":"request"},{"_id":"fld_d9c4235333dc417b8be065d94c07dcd2","parentId":"fld_191dba5b23d742dd96d285470617c87f","modified":1570110033221,"created":1570110033221,"name":"Authentication","description":"","environment":{},"environmentPropertyOrder":null,"metaSortKey":-1570089232384,"_type":"request_group"},{"_id":"req_7171d2169b1043b3918661540c886d76","parentId":"fld_d9c4235333dc417b8be065d94c07dcd2","modified":1570531035704,"created":1570110033231,"url":"{{ base_url_onboarding }}/user/deauthorize","name":"DeauthorizeUser","description":"","method":"POST","body":{},"parameters":[],"headers":[],"authentication":{"token":"{% response 'body', 'req_5a30d238f2014925842594bb5cf3c18d', 'b64::JC50b2tlbg==::46b', 'never' %}","type":"bearer"},"metaSortKey":-1558595389140,"isPrivate":false,"settingStoreCookies":true,"settingSendCookies":true,"settingDisableRenderRequestBody":false,"settingEncodeUrl":true,"settingRebuildPath":true,"settingFollowRedirects":"global","_type":"request"},{"_id":"req_0effb580702940198dc7c2a8519a1507","parentId":"fld_d9c4235333dc417b8be065d94c07dcd2","modified":1570609074788,"created":1570110033226,"url":"{{ base_url_onboarding }}/user/authenticate","name":"Authenticate","description":"","method":"POST","body":{"mimeType":"multipart/form-data","params":[{"id":"pair_accb865747d4412297bce9b91d9927d5","name":"video","type":"file","value":""}]},"parameters":[],"headers":[{"id":"pair_d725c3a5e2cf497cadad53d67ff091d0","name":"Content-Type","value":"multipart/form-data"}],"authentication":{"token":"{% response 'body', 'req_1e68dcf023344333971e466fcbaa88c1', 'b64::JC50b2tlbg==::46b', 'always' %}","type":"bearer"},"metaSortKey":-1558595389115,"isPrivate":false,"settingStoreCookies":true,"settingSendCookies":true,"settingDisableRenderRequestBody":false,"settingEncodeUrl":true,"settingRebuildPath":true,"settingFollowRedirects":"global","_type":"request"},{"_id":"req_0337397a6bb2448cbb40b127b2fc5696","parentId":"fld_d9c4235333dc417b8be065d94c07dcd2","modified":1570608997099,"created":1570110033229,"url":"{{ base_url_onboarding }}/user/authentication/{% response 'body', 'req_0effb580702940198dc7c2a8519a1507', 'b64::JC5hdXRoZW50aWNhdGlvbl9pZA==::46b', 'never' %}","name":"GetAuthentication","description":"","method":"GET","body":{"mimeType":"multipart/form-data","params":[]},"parameters":[],"headers":[{"id":"pair_d725c3a5e2cf497cadad53d67ff091d0","name":"Content-Type","value":"multipart/form-data"}],"authentication":{"token":"{% response 'body', 'req_5a30d238f2014925842594bb5cf3c18d', 'b64::JC50b2tlbg==::46b', 'always' %}","type":"bearer"},"metaSortKey":-1558595389090,"isPrivate":false,"settingStoreCookies":true,"settingSendCookies":true,"settingDisableRenderRequestBody":false,"settingEncodeUrl":true,"settingRebuildPath":true,"settingFollowRedirects":"global","_type":"request"},{"_id":"req_efdf41112ae04215a9e1d13b638d217a","parentId":"fld_d9c4235333dc417b8be065d94c07dcd2","modified":1570609012025,"created":1570110033228,"url":"{{ base_url_onboarding }}/user/authentications","name":"GetAuthentications","description":"","method":"GET","body":{"mimeType":"multipart/form-data","params":[]},"parameters":[],"headers":[{"id":"pair_d725c3a5e2cf497cadad53d67ff091d0","name":"Content-Type","value":"multipart/form-data"}],"authentication":{"token":"{% response 'body', 'req_5a30d238f2014925842594bb5cf3c18d', 'b64::JC50b2tlbg==::46b', 'always' %}","type":"bearer"},"metaSortKey":-1558595389065,"isPrivate":false,"settingStoreCookies":true,"settingSendCookies":true,"settingDisableRenderRequestBody":false,"settingEncodeUrl":true,"settingRebuildPath":true,"settingFollowRedirects":"global","_type":"request"},{"_id":"env_5491b199877e40868604d467edd63ab6","parentId":"wrk_66bb3f44eba44c73bc00da315b644083","modified":1611828776030,"created":1570110033148,"name":"Base Environment","data":{"apikey_client":"<YOUR_API_KEY>","base_url_onboarding":"https://apis.alicebiometrics.com/onboarding"},"dataPropertyOrder":{"&":["apikey_client","base_url_onboarding"]},"color":null,"isPrivate":false,"metaSortKey":1558595272017,"_type":"environment"},{"_id":"jar_ee52dc5ac865478cb7cb460501ad8c64","parentId":"wrk_66bb3f44eba44c73bc00da315b644083","modified":1570110033185,"created":1570110033185,"name":"Default Jar","cookies":[],"_type":"cookie_jar"},{"_id":"spc_1d1d671d047141419904bab3c0b173a7","parentId":"wrk_66bb3f44eba44c73bc00da315b644083","modified":1595241338605,"created":1595241338605,"fileName":"Demo ALiCE Onboarding","contents":"","contentType":"yaml","_type":"api_spec"}]}